"Currency","Culture Code","Currency Code"
"Afghan Afghani","af-AF","AFN"
"Albanian Lek","sq-AL","ALL"
"Algerian Dinar","ar-DZ","DZD"
"Angolan Kwanza","pt-AO","AOA"
"Argentine Peso","es-AR","ARS"
"Armenian Dram","hy-AM","AMD"
"Australian Dollar","en-AU","AUD"
"Azerbaijani Manat","az-AZ","AZN"
"Bahraini Dinar","ar-BH","BHD"
"Bangladeshi Taka","bn-BD","BDT"
"Barbadian Dollar","en-BB","BBD"
"Belarusian Ruble","be-BY","BYN"
"Belize Dollar","en-BZ","BZD"
"Bolivian Boliviano","es-BO","BOB"
"Botswana Pula","en-BW","BWP"
"Brazilian Real","pt-BR","BRL"
"British Pound","en-GB","GBP"
"Brunei Dollar","en-BN","BND"
"Bulgarian Lev","bg-BG","BGN"
"Burundi Franc","fr-BI","BIF"
"Cambodian Riel","km-KH","KHR"
"Canadian Dollar","en-CA","CAD"
"Cape Verdean Escudo","pt-CV","CVE"
"Cayman Islands Dollar","en-KY","KYD"
"Chilean Peso","es-CL","CLP"
"Chinese Yuan Renminbi","zh-CN","CNY"
"Colombian Peso","es-CO","COP"
"Comorian Franc","ar-KM","KMF"
"Congolese Franc","fr-CD","CDF"
"Costa Rican Colon","es-CR","CRC"
"Croatian Kuna","hr-HR","HRK"
"Cuban Peso","es-CU","CUP"
"Czech Koruna","cs-CZ","CZK"
"Danish Krone","da-DK","DKK"
"Djiboutian Franc","fr-DJ","DJF"
"Dominican Peso","es-DO","DOP"
"East Caribbean Dollar","en-DM","XCD"
"Egyptian Pound","ar-EG","EGP"
"Eritrean Nakfa","ti-ER","ERN"
"Estonian Kroon","et-EE","EEK"
"Ethiopian Birr","am-ET","ETB"
"Euro","de-DE","EUR"
"Fijian Dollar","en-FJ","FJD"
"Georgian Lari","ka-GE","GEL"
"Ghanaian Cedi","en-GH","GHS"
"Gibraltar Pound","en-GI","GIP"
"Guatemalan Quetzal","es-GT","GTQ"
"Guinean Franc","fr-GN","GNF"
"Guyanese Dollar","en-GY","GYD"
"Haitian Gourde","fr-HT","HTG"
"Honduran Lempira","es-HN","HNL"
"Hong Kong Dollar","zh-HK","HKD"
"Hungarian Forint","hu-HU","HUF"
"Icelandic Krona","is-IS","ISK"
"Indian Rupee","hi-IN","INR"
"Indonesian Rupiah","id-ID","IDR"
"Iranian Rial","fa-IR","IRR"
"Iraqi Dinar","ar-IQ","IQD"
"Israeli Shekel","he-IL","ILS"
"Jamaican Dollar","en-JM","JMD"
"Japanese Yen","ja-JP","JPY"
"Jordanian Dinar","ar-JO","JOD"
"Kazakhstani Tenge","kk-KZ","KZT"
"Kenyan Shilling","sw-KE","KES"
"Kuwaiti Dinar","ar-KW","KWD"
"Kyrgyzstani Som","ky-KG","KGS"
"Laotian Kip","lo-LA","LAK"
"Latvian Lats","lv-LV","LVL"
"Lebanese Pound","ar-LB","LBP"
"Lesotho Loti","en-LS","LSL"
"Liberian Dollar","en-LR","LRD"
"Libyan Dinar","ar-LY","LYD"
"Lithuanian Litas","lt-LT","LTL"
"Macanese Pataca","zh-MO","MOP"
"Macedonian Denar","mk-MK","MKD"
"Malagasy Ariary","mg-MG","MGA"
"Malawian Kwacha","en-MW","MWK"
"Malaysian Ringgit","ms-MY","MYR"
"Maldivian Rufiyaa","dv-MV","MVR"
"Mauritanian Ouguiya","ar-MR","MRO"
"Mauritian Rupee","en-MU","MUR"
"Mexican Peso","es-MX","MXN"
"Moldovan Leu","ro-MD","MDL"
"Mongolian Tugrik","mn-MN","MNT"
"Moroccan Dirham","ar-MA","MAD"
"Mozambican Metical","pt-MZ","MZN"
"Myanmar Kyat","my-MM","MMK"
"Namibian Dollar","en-NA","NAD"
"Nepalese Rupee","ne-NP","NPR"
"New Zealand Dollar","en-NZ","NZD"
"Nicaraguan Cordoba","es-NI","NIO"
"Nigerian Naira","ig-NG","NGN"
"North Korean Won","ko-KP","KPW"
"Norwegian Krone","nb-NO","NOK"
"Omani Rial","ar-OM","OMR"
"Pakistani Rupee","ur-PK","PKR"
"Panamanian Balboa","es-PA","PAB"
"Papua New Guinean Kina","tpi-PG","PGK"
"Paraguayan Guarani","gn-PY","PYG"
"Peruvian Sol","es-PE","PEN"
"Philippine Peso","fil-PH","PHP"
"Polish Zloty","pl-PL","PLN"
"Qatari Riyal","ar-QA","QAR"
"Romanian Leu","ro-RO","RON"
"Russian Ruble","ru-RU","RUB"
"Rwandan Franc","rw-RW","RWF"
"Saint Helena Pound","en-SH","SHP"
"Salvadoran Colon","es-SV","SVC"
"Samoan Tala","en-WS","WST"
"Sao Tome and Principe Dobra","pt-ST","STN"
"Saudi Riyal","ar-SA","SAR"
"Serbian Dinar","sr-RS","RSD"
"Seychellois Rupee","en-SC","SCR"
"Sierra Leonean Leone","en-SL","SLL"
"Singapore Dollar","en-SG","SGD"
"Slovak Koruna","sk-SK","SKK"
"Slovenian Tolar","sl-SI","SIT"
"Solomon Islands Dollar","en-SB","SBD"
"Somali Shilling","so-SO","SOS"
"South African Rand","en-ZA","ZAR"
"South Korean Won","ko-KR","KRW"
"South Sudanese Pound","en-SS","SSP"
"Sri Lankan Rupee","si-LK","LKR"
"Sudanese Pound","ar-SD","SDG"
"Surinamese Dollar","nl-SR","SRD"
"Swazi Lilangeni","en-SZ","SZL"
"Swedish Krona","sv-SE","SEK"
"Swiss Franc","de-CH","CHF"
"Syrian Pound","ar-SY","SYP"
"Taiwan Dollar","zh-TW","TWD"
"Tajikistani Somoni","tg-TJ","TJS"
"Tanzanian Shilling","sw-TZ","TZS"
"Thai Baht","th-TH","THB"
"Tongan Pa'anga","en-TO","TOP"
"Trinidad and Tobago Dollar","en-TT","TTD"
"Tunisian Dinar","ar-TN","TND"
"Turkish Lira","tr-TR","TRY"
"Turkmenistani Manat","tk-TM","TMT"
"Ugandan Shilling","sw-UG","UGX"
"Ukrainian Hryvnia","uk-UA","UAH"
"United Arab Emirates Dirham","ar-AE","AED"
"Uruguayan Peso","es-UY","UYU"
"Uzbekistani Som","uz-UZ","UZS"
"Vanuatu Vatu","bislama-VU","VUV"
"Venezuelan Bolivar","es-VE","VEF"
"Vietnamese Dong","vi-VN","VND"
"Yemeni Rial","ar-YE","YER"
"Zambian Kwacha","ny-ZM","ZMW"
"Zimbabwean Dollar","sn-ZW","ZWL"